Paarl Satview DSTV Installer,"<div id=""pl-165"">
    <div id=""pg-165-0"" class=""panel-grid"">
        <div id=""pgc-165-0-0"" class=""panel-grid-cell"" style=""width: 70.04%;float:left;"">
            <div id=""panel-165-0-0-0"" class=""so-panel widget widget_sow-editor panel-first-child"">
                <div class=""so-widget-sow-editor so-widget-sow-editor-base"">
                    <h3 class=""widget-title"">Paarl Satview DSTV Installer Satview DSTV Installer Cape Town</h3>
                    <div class=""siteorigin-widget-tinymce textwidget"">
                        &quot;Whether you require a satellite dish relocation service or a multi-view installation, the experienced Satview&amp;#39;s <strong>Paarl Satview DSTV Installer</strong> services team will provide a hassle free and efficient solution. New installation services, Explora installation set up, Extra view set up, Extra points set up. We take pride in keeping your dstv always on, therefore our proffessional team is always on call to ensure that your dstv is always online. We provide the best dstv installation service you can trust.&quot;
                    </div>
                </div>
            </div>
            <div id=""panel-165-0-0-1"" class=""so-panel widget widget_sow-editor"">
                <div class=""panel-widget-style"" style=""background-color: #0092c7; border: 1px solid #16f9f2;"">
                    <div class=""so-widget-sow-editor so-widget-sow-editor-base"">
                        <div class=""siteorigin-widget-tinymce textwidget"">
                            <div style=""text-align: centre; color: #fff; font-size: 24px;"">
                                <p style=""margin: 12px; line-height: 25px;text-align: center"">Whether you need your decoder repaired or wish to upgrade to the latest Explora decoder, get in touch today and we&rsquo;ll have the answer for you! Call Trevor <b>082 737 6754</b> Now!</p>
                            </div>
                        </div>
                    </div>
                </div>
            </div>
            <div id=""panel-165-0-0-2"" class=""so-panel widget widget_sow-editor"">
                <div class=""so-widget-sow-editor so-widget-sow-editor-base"">
                    <h3 class=""widget-title"">Services</h3>
                    <div class=""siteorigin-widget-tinymce textwidget"">
                        <ul style=""width: 42%; float: left; display:inline-block;margin-left: 2px;"">
                            <li>DSTV Decoder Installation Paarl Satview DSTV Installer</li>
                            <li>DSTV Satellite Installation Paarl Satview DSTV Installer</li>
                            <li>DSTV Hd Pvr Installation Paarl Satview DSTV Installer</li>
                            <li>DSTV Xtraview Installation Paarl Satview DSTV Installer</li>
                            <li>DSTV Aerial Installation Paarl Satview DSTV Installer</li>
                            <li>Area Sat DSTV Installation Paarl Satview DSTV Installer</li>
                            <li>DSTV Communal Installation Paarl Satview DSTV Installer</li>
                            <li>Top TV Installation Paarl Satview DSTV Installer</li>
                        </ul>
                        <ul style=""width: 42%; float: right; display:inline-block;margin-left: 2px;"">
                            <li>DSTV Repairs Paarl Satview DSTV Installer</li>
                            <li>DSTV Extra View Paarl Satview DSTV Installer</li>
                            <li>DSTV Upgrades Paarl Satview DSTV Installer</li>
                            <li>DSTV High definition Paarl Satview DSTV Installer</li>
                            <li>DSTV Relocation Paarl Satview DSTV Installer</li>
                            <li>DSTV Satellite Dish Installation Paarl Satview DSTV Installer</li>
                            <li>DSTV LNB Replacement Paarl Satview DSTV Installer</li>
							<li>Audio System Installation Paarl Satview DSTV Installer</li>
                        </ul>
                    </div>
                </div>
            </div>
            <div id=""panel-165-0-0-3"" class=""so-panel widget widget_sow-image"">
                <div class=""so-widget-sow-image so-widget-sow-image-sow-image-3f547a15eaaa"">
                    <div class=""sow-image-container""><img class=""so-widget-image"" src=""http://www.satview.co.za/wp-content/uploads/2016/03/body_banner-1.png"" srcset=""http://www.satview.co.za/wp-content/uploads/2016/03/body_banner-1-300x60.png 300w, http://www.satview.co.za/wp-content/uploads/2016/03/body_banner-1.png 750w"" alt=""services"" width=""750"" height=""150"" /></div>
                </div>
            </div>
            <div id=""panel-165-0-0-4"" class=""so-panel widget widget_sow-editor"">
                <div class=""so-widget-sow-editor so-widget-sow-editor-base"">
                    <div class=""siteorigin-widget-tinymce textwidget"">
                        <p>By choosing our company you can be sure of a quality service at a time most convenient to you. With our speedy, hassle free package you&rsquo;ll have your Mnet Multichoice channels set up in no time at all! Call our approved DSTV installers on <b>082 737 6754!</b></p>
                        <p>We adhere to the highest standards of operations and we are dedicated towards providing Paarl Satview DSTV Installer residents with the best service at the best price. Whether you need us to handle your task immediately or you wish to schedule it to a later date, just give us a call on <b>082 737 6754</b> and our accredited Cape Town DSTV installers will find the most convenient approach for your needs.</p>
                    </div>
                </div>
            </div>
            <div id=""panel-165-0-0-5"" class=""so-panel widget widget_sow-image panel-last-child"">
                <div class=""so-widget-sow-image so-widget-sow-image-sow-image-3f547a15eaaa"">
                    <div class=""sow-image-container""><img class=""so-widget-image"" src=""http://www.satview.co.za/wp-content/uploads/2016/03/footer.png"" srcset=""http://www.satview.co.za/wp-content/uploads/2016/03/footer-300x30.png 300w, http://www.satview.co.za/wp-content/uploads/2016/03/footer.png 750w"" alt=""Paarl Satview DSTV Installer"" width=""750"" height=""75"" /></div>
                </div>
            </div>
            <div id=""panel-165-0-0-6"" class=""so-panel widget widget_sow-editor"" style=""background-color: #d4f3fc; border: 1px solid #16f9f2;"">
                <div class=""so-widget-sow-editor so-widget-sow-editor-base"">
                    <div class=""siteorigin-widget-tinymce textwidget"">
                        <div class=""panel-widget-style"">
                            <div class=""so-widget-sow-editor so-widget-sow-editor-base"">
                                <div class=""siteorigin-widget-tinymce textwidget"">
                                    <div style=""text-align: centre; color: #000;"">
									<p style=""font-size:14px;text-align: center;""><b>We also offer a range of other services throughout Paarl Satview DSTV Installer and nearby Cape Town:</b></p>
                                        <p style=""margin: 12px; text-align: center;"">Home theatre installations * Plasma TV installations * Plasma television wall mounts/ wall mounted tv / tv wall brackets * HDTV & LCD mounting * Sound installations * Surround sound set up * Relocations of DSTV installation * Re-cabling * Trouble shooting * Audio-visual setup</p>
                                    </div>
                                </div>
                            </div>
                        </div>
                    </div>
                </div>
            </div>
        </div>
        <div id=""pgc-165-0-1"" class=""panel-grid-cell"" style=""float:right;"">
            <div id=""panel-165-0-1-0"" class=""so-panel widget widget_sow-editor panel-first-child panel-last-child"">
                <div class=""so-widget-sow-editor so-widget-sow-editor-base"">
                    <h3 class=""widget-title"">Contact Us</h3>
                    <div class=""siteorigin-widget-tinymce textwidget"">
                        <strong>Dish installation Expert</strong>
                        <img class=""alignnone size-full wp-image-124"" src=""http://www.satview.co.za/wp-content/uploads/2016/03/contact_image2.png"" alt=""Paarl Satview DSTV Installer"" width=""200"" />
                        <span style=""color: #00bff3; font-size: 24px;""><img style=""margin-right: 6px; margin-bottom: -5px;"" src=""/wp-content/uploads/site_images/phone.png"" alt=""call us now"" />082 737 6754</span>
                    </div>
                </div>
            </div>
        </div>
    </div>
</div>",Cape Town
